timestamp,close,open,high,low,volume
2025-03-19 00:00:00,82780.03048688271,82780.03048688271,82821.42050212614,82738.64047163927,10000
2025-03-20 00:00:00,86815.44109470697,82780.03048688271,86858.84881525431,82738.64047163927,413541
2025-03-21 00:00:00,84270.84358966233,86815.44109470697,86858.84881525431,84228.7081678675,264459
2025-03-22 00:00:00,84009.532917822,84270.84358966233,84312.97901145715,83967.52815136309,36131
2025-03-23 00:00:00,83793.30854192551,84009.532917822,84051.5376842809,83751.41188765455,31622
2025-03-24 00:00:00,85787.70914901773,83793.30854192551,85830.60300359223,83751.41188765455,209440
2025-03-25 00:00:00,87327.72969669085,85787.70914901773,87371.39356153918,85744.81529444322,164002
2025-03-26 00:00:00,87520.58391530563,87327.72969669085,87564.34420726328,87284.06583184251,29285
2025-03-27 00:00:00,86960.8555491039,87520.58391530563,87564.34420726328,86917.37512132936,65972
2025-03-28 00:00:00,87227.27158032371,86960.8555491039,87270.88521611386,86917.37512132936,36641
2025-03-29 00:00:00,84359.46915506005,87227.27158032371,87270.88521611386,84317.28942048253,296780
2025-03-30 00:00:00,82679.17255385047,84359.46915506005,84401.64888963758,82637.83296757354,178029
2025-03-31 00:00:00,82356.38111183756,82679.17255385047,82720.5121401274,82315.20292128164,42279
2025-04-01 00:00:00,82514.09365397849,82356.38111183756,82555.35070080547,82315.20292128164,25771
2025-04-02 00:00:00,85237.5876052852,82514.09365397849,85280.20639908784,82472.8366071515,282349
2025-04-03 00:00:00,82526.4221526433,85237.5876052852,85280.20639908784,82485.15894156697,281116
2025-04-04 00:00:00,83163.98757387721,82526.4221526433,83205.56956766415,82485.15894156697,73756
2025-04-05 00:00:00,83852.00765399594,83163.98757387721,83893.93365782294,83122.40558009027,78802
2025-04-06 00:00:00,83595.88550177493,83852.00765399594,83893.93365782294,83554.08755902405,35612
2025-04-07 00:00:00,78211.48358199988,83595.88550177493,83637.68344452581,78172.3778402089,548440
2025-04-08 00:00:00,79179.29226757778,78211.48358199988,79218.88191371156,78172.3778402089,106780
2025-04-09 00:00:00,76329.090356324,79179.29226757778,79218.88191371156,76290.92581114585,295020
2025-04-10 00:00:00,82622.17029546302,76329.090356324,82663.48138061074,76290.92581114585,639307
2025-04-11 00:00:00,79596.35732250768,82622.17029546302,82663.48138061074,79556.55914384643,312581
2025-04-12 00:00:00,83439.28818043756,79596.35732250768,83481.00782452778,79556.55914384643,394293
2025-04-13 00:00:00,85305.09728392666,83439.28818043756,85347.74983256862,83397.56853634735,196580
2025-04-14 00:00:00,83600.82010054543,85305.09728392666,85347.74983256862,83559.01969049516,180427
2025-04-15 00:00:00,84523.4524914945,83600.82010054543,84565.71421774026,83559.01969049516,102263
2025-04-16 00:00:00,83656.49248858042,84523.4524914945,84565.71421774026,83614.66424233613,96696
2025-04-17 00:00:00,84105.77942167096,83656.49248858042,84147.83231138179,83614.66424233613,54928
2025-04-18 00:00:00,84930.90857600998,84105.77942167096,84973.37403029799,84063.72653196013,92512
2025-04-19 00:00:00,84433.75017215389,84930.90857600998,84973.37403029799,84391.53329706781,59715
2025-04-20 00:00:00,85126.66244301842,84433.75017215389,85169.22577423992,84391.53329706781,79291
2025-04-21 00:00:00,85073.16544858096,85126.66244301842,85169.22577423992,85030.62886585668,15349
2025-04-22 00:00:00,87452.04699068287,85073.16544858096,87495.77301417821,85030.62886585668,247888
2025-04-23 00:00:00,93576.16588573981,87452.04699068287,93622.95396868268,87408.32096718752,622411
2025-04-24 00:00:00,93605.45230873208,93576.16588573981,93652.25503488645,93529.37780279695,12928
2025-04-25 00:00:00,93872.81422867288,93605.45230873208,93919.75063578722,93558.64958257772,36736
2025-04-26 00:00:00,94773.11200643536,93872.81422867288,94820.49856243857,93825.87782155855,100029
2025-04-27 00:00:00,94644.06637120107,94773.11200643536,94820.49856243857,94596.74433801547,22904
2025-04-28 00:00:00,93809.33781968223,94644.06637120107,94691.38840438667,93762.4331507724,93472
2025-04-29 00:00:00,95030.60645474444,93809.33781968223,95078.1217579718,93762.4331507724,132126
2025-04-30 00:00:00,94256.35946318062,95030.60645474444,95078.1217579718,94209.23128344903,87424
2025-05-01 00:00:00,94235.75331048167,94256.35946318062,94303.48764291221,94188.63543382644,12060
2025-05-02 00:00:00,96426.94522273027,94235.75331048167,96475.15869534163,94188.63543382644,229119
2025-05-03 00:00:00,96855.5681343944,96426.94522273027,96903.99591846159,96378.73175011891,52862
2025-05-04 00:00:00,95922.86842404422,96855.5681343944,96903.99591846159,95874.9069898322,103269
2025-05-05 00:00:00,94326.62048529249,95922.86842404422,95970.82985825624,94279.45717504984,169624
2025-05-06 00:00:00,94758.8237105546,94326.62048529249,94806.20312240988,94279.45717504984,53220
2025-05-07 00:00:00,96854.53198815876,94758.8237105546,96902.95925415284,94711.44429869932,219570
2025-05-08 00:00:00,97026.49376966801,96854.53198815876,97075.00701655285,96806.10472216469,27196
2025-05-09 00:00:00,103076.27555512934,97026.49376966801,103127.8136929069,96977.98052278318,614978
2025-05-10 00:00:00,102962.54045692299,103076.27555512934,103127.8136929069,102911.05918669453,21373
2025-05-11 00:00:00,104630.8792994166,102962.54045692299,104683.1947390663,102911.05918669453,176833
2025-05-12 00:00:00,103994.061616746,104630.8792994166,104683.1947390663,103942.06458593762,73681
2025-05-13 00:00:00,102876.8304286011,103994.061616746,104046.05864755437,102825.39201338681,121723
2025-05-14 00:00:00,104184.49039270742,102876.8304286011,104236.58263790376,102825.39201338681,140765
2025-05-15 00:00:00,103594.42575090709,104184.49039270742,104236.58263790376,103542.62853803164,69006
2025-05-16 00:00:00,103708.85136423641,103594.42575090709,103760.70578991853,103542.62853803164,21442
2025-05-17 00:00:00,103556.03493982446,103708.85136423641,103760.70578991853,103504.25692235456,25281
2025-05-18 00:00:00,103212.36483885496,103556.03493982446,103607.81295729436,103160.75865643554,44367
2025-05-19 00:00:00,106030.6376831359,103212.36483885496,106083.65300197745,103160.75865643554,291827
2025-05-20 00:00:00,105629.41580436694,106030.6376831359,106083.65300197745,105576.60109646477,50122
2025-05-21 00:00:00,106786.71995834043,105629.41580436694,106840.11331831959,105576.60109646477,125730
2025-05-22 00:00:00,109665.86371625263,106786.71995834043,109720.69664811075,106733.32659836127,297914
2025-05-23 00:00:00,111560.356938144,109665.86371625263,111616.13711661307,109611.0307843945,199449
2025-05-24 00:00:00,107216.66856870624,111560.356938144,111616.13711661307,107163.0602344219,444368
2025-05-25 00:00:00,107831.36374380375,107216.66856870624,107885.27942567565,107163.0602344219,71469
2025-05-26 00:00:00,108861.81037744327,107831.36374380375,108916.24128263198,107777.44806193186,113044
2025-05-27 00:00:00,109377.71513263129,108861.81037744327,109432.40399019759,108807.37947225456,61590
2025-05-28 00:00:00,109068.45694901445,109377.71513263129,109432.40399019759,109013.92272053995,40925
2025-05-29 00:00:00,107838.18431100152,109068.45694901445,109122.99117748895,107784.26521884602,133027
2025-05-30 00:00:00,105745.41660358038,107838.18431100152,107892.10340315702,105692.54389527859,219276
2025-05-31 00:00:00,104010.91956242644,105745.41660358038,105798.28931188217,103958.91410264523,183449
2025-06-01 00:00:00,104687.50742934884,104010.91956242644,104739.85118306351,103958.91410264523,77658
2025-06-02 00:00:00,105710.00593822816,104687.50742934884,105762.86094119727,104635.16367563418,112249
2025-06-03 00:00:00,105884.74263221149,105710.00593822816,105937.68500352759,105657.15093525905,27473
2025-06-04 00:00:00,105434.47745144971,105884.74263221149,105937.68500352759,105381.760212724,55026
2025-06-05 00:00:00,104812.9182188067,105434.47745144971,105487.19469017543,104760.51175969731,72155
2025-06-06 00:00:00,101650.7387545425,104812.9182188067,104865.3246779161,101599.91338516523,326217
2025-06-07 00:00:00,104409.74967959142,101650.7387545425,104461.95455443121,101599.91338516523,285901
2025-06-08 00:00:00,105681.4546141758,104409.74967959142,105734.29534148288,104357.54480475163,137170
2025-06-09 00:00:00,105692.24740699006,105681.4546141758,105745.09353069356,105628.61388686873,11079
2025-06-10 00:00:00,110261.57485948496,105692.24740699006,110316.70564691469,105639.40128328657,466932
2025-06-11 00:00:00,110212.73252109604,110261.57485948496,110316.70564691469,110157.6261548355,14884
2025-06-12 00:00:00,108679.9760916168,110212.73252109604,110267.83888735659,108625.636103571,163275
2025-06-13 00:00:00,105979.22902375912,108679.9760916168,108734.3160796626,105926.23940924725,280074
2025-06-14 00:00:00,106045.56440819203,105979.22902375912,106098.58719039612,105926.23940924725,16633
2025-06-15 00:00:00,105482.90611628917,106045.56440819203,106098.58719039612,105430.16466323103,66265
2025-06-16 00:00:00,105554.49383061715,105482.90611628917,105607.27107753245,105430.16466323103,17158
2025-06-17 00:00:00,106951.2720181497,105554.49383061715,107004.74765415877,105501.71658370185,149677
2025-06-18 00:00:00,104683.42479835715,106951.2720181497,107004.74765415877,104631.08308595799,236784
2025-06-19 00:00:00,104722.695052907,104683.42479835715,104775.05640043344,104631.08308595799,13927
2025-06-20 00:00:00,104690.65002458123,104722.695052907,104775.05640043344,104638.30469956895,13204
2025-06-21 00:00:00,103290.105144757,104690.65002458123,104742.99534959352,103238.46009218463,150054
2025-06-22 00:00:00,101532.5683847329,103290.105144757,103341.75019732938,101481.80210054055,185753
2025-06-23 00:00:00,100852.58264648831,101532.5683847329,101583.33466892526,100802.15635516508,77998
2025-06-24 00:00:00,105511.62437933135,100852.58264648831,105564.380191521,100802.15635516508,475904
2025-06-25 00:00:00,105976.06929808448,105511.62437933135,106029.05733273352,105458.86856714169,56444
2025-06-26 00:00:00,107238.53045016268,105976.06929808448,107292.14971538776,105923.08126343544,136246
2025-06-27 00:00:00,106984.01253775663,107238.53045016268,107292.14971538776,106930.52053148775,35451
2025-06-28 00:00:00,107078.91560644074,106984.01253775663,107132.45506424396,106930.52053148775,19490
2025-06-29 00:00:00,107331.58548463577,107078.91560644074,107385.25127737808,107025.37614863753,35266
2025-06-30 00:00:00,108396.61631317894,107331.58548463577,108450.81462133552,107277.91969189346,116503
2025-07-01 00:00:00,107132.79910701896,108396.61631317894,108450.81462133552,107079.23270746546,136381
2025-07-02 00:00:00,105613.39974163055,107132.79910701896,107186.36550657246,105560.59304175974,161939
2025-07-03 00:00:00,108824.44423167943,105613.39974163055,108878.85645379526,105560.59304175974,331104
2025-07-04 00:00:00,109602.20483914016,108824.44423167943,109657.00594155972,108770.0320095636,87776
2025-07-05 00:00:00,108040.8919400104,109602.20483914016,109657.00594155972,107986.8714940404,166131
2025-07-06 00:00:00,108217.46849992426,108040.8919400104,108271.57723417421,107986.8714940404,27657
2025-07-07 00:00:00,109215.19771840284,108217.46849992426,109269.80531726203,108163.35976567431,109772
2025-07-08 00:00:00,108300.71675785031,109215.19771840284,109269.80531726203,108246.5663994714,101448
2025-07-09 00:00:00,108953.19187727802,108300.71675785031,109007.66847321665,108246.5663994714,75247
2025-07-10 00:00:00,111327.53054245669,108953.19187727802,111383.19430772791,108898.71528133939,247433
2025-07-11 00:00:00,115879.65030112496,111327.53054245669,115937.59012627552,111271.86677718547,465211
2025-07-12 00:00:00,117571.02510036016,115879.65030112496,117629.81061291033,115821.7104759744,179137
2025-07-13 00:00:00,117418.95745007684,117571.02510036016,117629.81061291033,117360.2479713518,25206
2025-07-14 00:00:00,119117.55666327637,117418.95745007684,119177.115441608,117360.2479713518,179859
2025-07-15 00:00:00,119833.67446712355,119117.55666327637,119893.5913043571,119057.99788494474,81611
2025-07-16 00:00:00,117678.19493404306,119833.67446712355,119893.5913043571,117619.35583657604,225547
2025-07-17 00:00:00,118748.1627367753,117678.19493404306,118807.53681814368,117619.35583657604,116996
2025-07-18 00:00:00,119445.36520434043,118748.1627367753,119505.0878869426,118688.78865540691,79720
2025-07-19 00:00:00,117988.94664455787,119445.36520434043,119505.0878869426,117929.9521712356,155641
2025-07-20 00:00:00,117901.62655900871,117988.94664455787,118047.94111788014,117842.67574572921,18732
2025-07-21 00:00:00,117256.9208222684,117901.62655900871,117960.57737228821,117198.29236185727,74470
2025-07-22 00:00:00,117482.46977767294,117256.9208222684,117541.21101256178,117198.29236185727,32554
2025-07-23 00:00:00,119955.79570607653,117482.46977767294,120015.77360392957,117423.72854278411,257332
2025-07-24 00:00:00,118629.05588130427,119955.79570607653,120015.77360392957,118569.74135336363,142673
2025-07-25 00:00:00,118354.43517438594,118629.05588130427,118688.37040924492,118295.25795679876,37462
2025-07-26 00:00:00,117540.80837085741,118354.43517438594,118413.61239197313,117482.037966672,91362
2025-07-27 00:00:00,117959.54234360624,117540.80837085741,118018.52211477804,117482.037966672,51873
2025-07-28 00:00:00,119418.91405141471,117959.54234360624,119478.62350844042,117900.56257243444,155937
2025-07-29 00:00:00,118003.30201607826,119418.91405141471,119478.62350844042,117944.30036507023,151561
2025-07-30 00:00:00,117853.30892863822,118003.30201607826,118062.3036670863,117794.3822741739,24999
2025-07-31 00:00:00,117833.24087995925,117853.30892863822,117912.23558310253,117774.32425951929,12006
2025-08-01 00:00:00,115700.00243915782,117833.24087995925,117892.15750039922,115642.15243793825,223323
2025-08-02 00:00:00,113234.6051343189,115700.00243915782,115757.85244037739,113177.98783175174,256539
2025-08-03 00:00:00,112554.90232221723,113234.6051343189,113291.22243688606,112498.62487105612,77970
2025-08-04 00:00:00,114199.10966460757,112554.90232221723,114256.20921943987,112498.62487105612,174420
2025-08-05 00:00:00,115138.68613070177,114199.10966460757,115196.25547376712,114142.01010977528,103957
2025-08-06 00:00:00,114128.35408881678,115138.68613070177,115196.25547376712,114071.28991177237,111033
2025-08-07 00:00:00,115022.09576830892,114128.35408881678,115079.60681619307,114071.28991177237,99374
2025-08-08 00:00:00,117463.47451085235,115022.09576830892,117522.20624810777,114964.58472042477,254137
2025-08-09 00:00:00,116688.36663186055,117463.47451085235,117522.20624810777,116630.02244854462,87510
2025-08-10 00:00:00,116510.08393213755,116688.36663186055,116746.71081517648,116451.82889017148,27828
2025-08-11 00:00:00,119266.92516880555,116510.08393213755,119326.55863138995,116451.82889017148,285684
2025-08-12 00:00:00,118773.79960860992,119266.92516880555,119326.55863138995,118714.41270880561,59312
2025-08-13 00:00:00,120202.53485503166,118773.79960860992,120262.63612245917,118714.41270880561,152873
2025-08-14 00:00:00,123560.99363577305,120202.53485503166,123622.77413259093,120142.43358760414,345845
2025-08-15 00:00:00,118405.59579823953,123560.99363577305,123622.77413259093,118346.39300034042,525539
2025-08-16 00:00:00,117339.79190213277,118405.59579823953,118464.79859613864,117281.12200618171,116580
2025-08-17 00:00:00,117501.21653394958,117339.79190213277,117559.96714221656,117281.12200618171,26142
2025-08-18 00:00:00,117542.83687778088,117501.21653394958,117601.60829621977,117442.46592568261,14162
2025-08-19 00:00:00,116256.41276740946,117542.83687778088,117601.60829621977,116198.28456102576,138642
2025-08-20 00:00:00,112778.34483555844,116256.41276740946,116314.54097379316,112721.95566314067,357806
2025-08-21 00:00:00,114252.39755195397,112778.34483555844,114309.52375072993,112721.95566314067,157405
2025-08-22 00:00:00,112414.39987336512,114252.39755195397,114309.52375072993,112358.19267342845,193799
2025-08-23 00:00:00,116834.24948202295,112414.39987336512,116892.66660676396,112358.19267342845,451984
2025-08-24 00:00:00,115359.98346714744,116834.24948202295,116892.66660676396,115302.30347541386,157426
2025-08-25 00:00:00,113399.54847314971,115359.98346714744,115417.66345888101,113342.84869891315,206043
2025-08-26 00:00:00,110185.35443900425,113399.54847314971,113456.24824738628,110130.26176178476,331419
2025-08-27 00:00:00,111842.70999260596,110185.35443900425,111898.63134760226,110130.26176178476,175735
2025-08-28 00:00:00,111216.08479629169,111842.70999260596,111898.63134760226,111160.47675389356,72662
2025-08-29 00:00:00,112525.59740669793,111216.08479629169,112581.86020540127,111160.47675389356,140951
2025-08-30 00:00:00,108480.30666639366,112525.59740669793,112581.86020540127,108426.06651306048,414529
2025-08-31 00:00:00,108781.95727925687,108480.30666639366,108836.34825789649,108426.06651306048,40165
2025-09-01 00:00:00,108253.36092385623,108781.95727925687,108836.34825789649,108199.23424339431,62859
2025-09-02 00:00:00,109162.68557992298,108253.36092385623,109217.26692271294,108199.23424339431,100932
2025-09-03 00:00:00,111190.18209845416,109162.68557992298,111245.77718950338,109108.10423713303,212749
2025-09-04 00:00:00,111711.51977725117,111190.18209845416,111767.3755371398,111134.58700740493,62133
2025-09-05 00:00:00,110724.736377486,111711.51977725117,111767.3755371398,110669.37400929726,108678
2025-09-06 00:00:00,110662.18112628513,110724.736377486,110780.09874567474,110606.85003572199,16255
2025-09-07 00:00:00,110209.1888247784,110662.18112628513,110717.51221684826,110154.08423036602,55299
2025-09-08 00:00:00,111131.9923868407,110209.1888247784,111187.55838303412,110154.08423036602,102280
2025-09-09 00:00:00,112025.12878118771,111131.9923868407,112081.1413455783,111076.42639064729,99313
2025-09-10 00:00:00,111547.43956434788,112025.12878118771,112081.1413455783,111491.66584456571,57768
2025-09-11 00:00:00,113975.32489468766,111547.43956434788,114032.312557135,111491.66584456571,252788
2025-09-12 00:00:00,115503.16663193036,113975.32489468766,115560.91821524632,113918.33723224032,162784
2025-09-13 00:00:00,116160.14344594491,115503.16663193036,116218.22351766788,115445.4150486144,75697
2025-09-14 00:00:00,115970.58488443034,116160.14344594491,116218.22351766788,115912.59959198812,28955
2025-09-15 00:00:00,115373.55555886829,115970.58488443034,116028.57017687256,115315.86878108887,69702
2025-09-16 00:00:00,115397.25272727509,115373.55555886829,115454.95135363872,115315.86878108887,12369
2025-09-17 00:00:00,116762.8496864193,115397.25272727509,116821.2311112625,115339.55410091145,146559
2025-09-18 00:00:00,116455.94648225319,116762.8496864193,116821.2311112625,116397.71850901206,40690
2025-09-19 00:00:00,117145.49508952006,116455.94648225319,117204.06783706481,116397.71850901206,78954
2025-09-20 00:00:00,115655.81046441344,117145.49508952006,117204.06783706481,115597.98255918124,158968
2025-09-21 00:00:00,115715.51536781774,115655.81046441344,115773.37312550165,115597.98255918124,15970
2025-09-22 00:00:00,115304.47999407038,115715.51536781774,115773.37312550165,115246.82775407335,51103
2025-09-23 00:00:00,112696.74101711863,115304.47999407038,115362.13223406741,112640.39264661008,270773
2025-09-24 00:00:00,112022.16587861195,112696.74101711863,112753.08938762719,111966.15479567266,77457
2025-09-25 00:00:00,113320.56908541008,112022.16587861195,113377.22936995278,111966.15479567266,139840
2025-09-26 00:00:00,108963.53013595635,113320.56908541008,113377.22936995278,108909.04837088837,445703
2025-09-27 00:00:00,109710.20874667744,108963.53013595635,109765.06385105077,108909.04837088837,84667
2025-09-28 00:00:00,109654.81021075726,109710.20874667744,109765.06385105077,109599.98280565189,15539
2025-09-29 00:00:00,112142.57362752674,109654.81021075726,112198.6449143405,109599.98280565189,258776
2025-09-30 00:00:00,114309.15041119447,112142.57362752674,114366.30498640006,112086.50234071298,226657
2025-10-01 00:00:00,114024.22783550054,114309.15041119447,114366.30498640006,113967.21572158279,38492
2025-10-02 00:00:00,118503.24451752483,114024.22783550054,118562.49613978359,113967.21572158279,457901
2025-10-03 00:00:00,120611.71911591051,118503.24451752483,120672.02497546846,118443.99289526607,220847
2025-10-04 00:00:00,122250.15186842803,120611.71911591051,122311.27694436224,120551.41325635256,173843
2025-10-05 00:00:00,122380.93708463266,122250.15186842803,122442.12755317497,122189.02679249382,23078
2025-10-06 00:00:00,123506.18520027678,122380.93708463266,123567.93829287692,122319.74661609036,122524
2025-10-07 00:00:00,124773.50823074432,123506.18520027678,124835.89498485968,123444.43210767665,136732
2025-10-08 00:00:00,121518.75593575071,124773.50823074432,124835.89498485968,121457.99655778284,335475
2025-10-09 00:00:00,123352.50487523204,121518.75593575071,123414.18112766965,121457.99655778284,193374
2025-10-10 00:00:00,121698.03066778315,123352.50487523204,123414.18112766965,121637.18165244928,175447
2025-10-11 00:00:00,113201.74064138904,121698.03066778315,121758.87968311703,113145.13977106835,859629
2025-10-12 00:00:00,110853.11663883903,113201.74064138904,113258.34151170973,110797.69008051962,244862
2025-10-13 00:00:00,115189.5714637257,110853.11663883903,115247.16624945756,110797.69008051962,443645
2025-10-14 00:00:00,115222.28302116522,115189.5714637257,115279.89416267579,115131.97667799385,13271
2025-10-15 00:00:00,113156.56943826913,115222.28302116522,115279.89416267579,113099.99115355,216571
2025-10-16 00:00:00,110708.66960879423,113156.56943826913,113213.14772298826,110653.31527398984,254789
2025-10-17 00:00:00,108076.72862033188,110708.66960879423,110764.02394359862,108022.69025602171,273194
2025-10-18 00:00:00,106443.61194984635,108076.72862033188,108130.76698464205,106390.39014387144,173311
2025-10-19 00:00:00,107156.00337647724,106443.61194984635,107209.58137816547,106390.39014387144,81239
2025-10-20 00:00:00,108621.134857428,107156.00337647724,108675.4454248567,107102.425374789,156513
2025-10-21 00:00:00,110608.5714932665,108621.134857428,110663.87577901312,108566.82428999929,208743
2025-10-22 00:00:00,108486.10262716639,110608.5714932665,110663.87577901312,108431.85957585281,222246
2025-10-23 00:00:00,107618.4266715404,108486.10262716639,108540.34567847996,107564.61745820462,96767
2025-10-24 00:00:00,110048.51827291629,107618.4266715404,110103.54253205274,107564.61745820462,253009
2025-10-25 00:00:00,110997.80437129698,110048.51827291629,111053.30327348263,109993.49401377984,104928
2025-10-26 00:00:00,111620.3093731354,110997.80437129698,111676.11952782197,110942.30546911134,72250
2025-10-27 00:00:00,114476.01227508577,111620.3093731354,114533.2502812233,111564.49921844884,295570
2025-10-28 00:00:00,114182.79442806762,114476.01227508577,114533.2502812233,114125.70303085359,39321
2025-10-29 00:00:00,112950.34863259472,114182.79442806762,114239.88582528164,112893.87345827842,133244
2025-10-30 00:00:00,110046.66925837283,112950.34863259472,113006.82380691101,109991.64592374365,300367
2025-10-31 00:00:00,108240.76528725718,110046.66925837283,110101.69259300201,108186.64490461355,190590
2025-11-01 00:00:00,109573.90555629115,108240.76528725718,109628.6925090693,108186.64490461355,143314
2025-11-02 00:00:00,110014.13556776087,109573.90555629115,110069.14263554475,109519.11860351301,54023
2025-11-03 00:00:00,110650.2092823146,110014.13556776087,110705.53438695574,109959.12849997699,73607
2025-11-04 00:00:00,106521.08673825761,110650.2092823146,110705.53438695574,106467.82619488849,422912
2025-11-05 00:00:00,101635.2740227234,106521.08673825761,106574.34728162673,101584.45638571205,498581
2025-11-06 00:00:00,103877.95965955159,101635.2740227234,103929.89863938135,101584.45638571205,234268
2025-11-07 00:00:00,101322.6402945857,103877.95965955159,103929.89863938135,101271.9789744384,265531
2025-11-08 00:00:00,103396.084215925,101322.6402945857,103447.78225803295,101271.9789744384,217344
2025-11-09 00:00:00,102290.13714655167,103396.084215925,103447.78225803295,102238.9920779784,120594
2025-11-10 00:00:00,104709.67861656273,102290.13714655167,104762.033455871,102238.9920779784,251954
2025-11-11 00:00:00,105909.07272321742,104709.67861656273,105962.02725957903,104657.32377725445,129939
2025-11-12 00:00:00,102960.77564500563,105909.07272321742,105962.02725957903,102909.29525718314,304829
2025-11-13 00:00:00,101521.70859453593,102960.77564500563,103012.25603282813,101470.94774023867,153906
2025-11-14 00:00:00,99730.4533956204,101521.70859453593,101572.46944883319,99680.5881689226,189125
2025-11-15 00:00:00,94456.39368235337,99730.4533956204,99780.3186223182,94409.1654855122,537405
2025-11-16 00:00:00,95508.31019889197,94456.39368235337,95556.0643539914,94409.1654855122,115191
2025-11-17 00:00:00,94411.32947182967,95508.31019889197,95556.0643539914,94364.12380709375,119698
2025-11-18 00:00:00,92036.7255045672,94411.32947182967,94458.53513656558,91990.70714181493,247460
2025-11-19 00:00:00,92819.75921500899,92036.7255045672,92866.16909461649,91990.70714181493,88303
2025-11-20 00:00:00,91363.27838693369,92819.75921500899,92866.16909461649,91317.59674774023,155648
2025-11-21 00:00:00,86649.97257918229,91363.27838693369,91408.96002612714,86606.6475928927,481330
2025-11-22 00:00:00,85051.8019295002,86649.97257918229,86693.29756547188,85009.27602853546,169817
2025-11-23 00:00:00,84682.62429147748,85051.8019295002,85094.32783046494,84640.28297933175,46917
2025-11-24 00:00:00,86783.84766839583,84682.62429147748,86827.23959223002,84640.28297933175,220122
2025-11-25 00:00:00,88229.35740719768,86783.84766839583,88273.47208590127,86740.45574456164,154550
2025-11-26 00:00:00,87310.33159950442,88229.35740719768,88273.47208590127,87266.67643370468,101902
2025-11-27 00:00:00,90474.22677969698,87310.33159950442,90519.46389308682,87266.67643370468,326389
2025-11-28 00:00:00,91279.06057176423,90474.22677969698,91324.7001020501,90428.98966630714,90483
2025-11-29 00:00:00,90950.37695910994,91279.06057176423,91324.7001020501,90904.90177063039,42868
2025-11-30 00:00:00,90841.45258193677,90950.37695910994,90995.8521475895,90796.03185564581,20892
2025-12-01 00:00:00,90406.28448571145,90841.45258193677,90886.87330822773,90361.0813434686,53516
2025-12-02 00:00:00,86281.49519776918,90406.28448571145,90451.48762795431,86238.3544501703,422478
2025-12-03 00:00:00,91344.73275150165,86281.49519776918,91390.4051178774,86238.3544501703,516323
2025-12-04 00:00:00,93619.43750817103,91344.73275150165,93666.24722692512,91299.06038512591,237470
2025-12-05 00:00:00,92140.70419795791,93619.43750817103,93666.24722692512,92094.63384585893,157873
2025-12-06 00:00:00,89307.09154512963,92140.70419795791,92186.77455005689,89262.43799935708,293361
2025-12-07 00:00:00,89244.7620814118,89307.09154512963,89351.74509090219,89200.1397003711,16232
2025-12-08 00:00:00,90162.90714007126,89244.7620814118,90207.98859364129,89200.1397003711,101814
2025-12-09 00:00:00,90618.0535204608,90162.90714007126,90663.36254722103,90117.82568650122,55514
2025-12-10 00:00:00,92723.21372069631,90618.0535204608,92769.57532755665,90572.74449370058,220516
2025-12-11 00:00:00,92005.13714957413,92723.21372069631,92769.57532755665,91959.13458099935,81807
2025-12-12 00:00:00,92494.17691640415,92005.13714957413,92540.42400486235,91959.13458099935,58903
2025-12-13 00:00:00,90307.26028567803,92494.17691640415,92540.42400486235,90262.1066555352,228691
2025-12-14 00:00:00,90257.4292885891,90307.26028567803,90352.41391582086,90212.30057394481,14983
2025-12-15 00:00:00,88230.77409367911,90257.4292885891,90302.5580032334,88186.65870663227,212665
2025-12-16 00:00:00,86413.9190195637,88230.77409367911,88274.88948072595,86370.71206005393,191685
2025-12-17 00:00:00,87821.88919109134,86413.9190195637,87865.80013568688,86370.71206005393,150797
2025-12-18 00:00:00,86064.94716216,87821.88919109134,87865.80013568688,86021.91468857892,185694
2025-12-19 00:00:00,85450.3312009302,86064.94716216,86107.97963574107,85407.60603532974,71461
2025-12-20 00:00:00,88103.86075721023,85450.3312009302,88147.91268758883,85407.60603532974,275352
2025-12-21 00:00:00,88347.94310567998,88103.86075721023,88392.11707723282,88059.80882683164,34408
2025-12-22 00:00:00,88577.42038358838,88347.94310567998,88621.70909378017,88303.76913412714,32947
2025-12-23 00:00:00,88491.12020788102,88577.42038358838,88621.70909378017,88446.87464777708,18630
2025-12-24 00:00:00,87406.43636737975,88491.12020788102,88535.36576798496,87362.73314919606,118468
2025-12-25 00:00:00,87642.60888119951,87406.43636737975,87686.43018564011,87362.73314919606,33617
2025-12-26 00:00:00,87229.78066010943,87642.60888119951,87686.43018564011,87186.16576977939,51282
2025-12-27 00:00:00,87305.95655961394,87229.78066010943,87349.60953789375,87186.16576977939,17617
2025-12-28 00:00:00,87807.003210775,87305.95655961394,87850.90671238038,87262.30358133414,60104
2025-12-29 00:00:00,87822.90829076794,87807.003210775,87866.81974491331,87763.09970916962,11590
2025-12-30 00:00:00,87156.56266080117,87822.90829076794,87866.81974491331,87112.98437947077,76634
2025-12-31 00:00:00,88414.62856073362,87156.56266080117,88458.83587501397,87112.98437947077,135806
2026-01-01 00:00:00,87520.18048742875,88414.62856073362,88458.83587501397,87476.42039718504,99444
2026-01-02 00:00:00,88727.67004249741,87520.18048742875,88772.03387751865,87476.42039718504,130748
2026-01-03 00:00:00,89926.27924953419,88727.67004249741,89971.24238915894,88683.30620747617,129860
2026-01-04 00:00:00,90593.85443180417,89926.27924953419,90639.15135902006,89881.31610990943,76757
2026-01-05 00:00:00,91373.21588108438,90593.85443180417,91418.90248902491,90548.55750458827,87936
2026-01-06 00:00:00,93926.7956485658,91373.21588108438,93973.75904639009,91327.52927314385,265357
2026-01-07 00:00:00,93666.86387314305,93926.7956485658,93973.75904639009,93620.03044120649,35993
2026-01-08 00:00:00,91257.15544035907,93666.86387314305,93713.69730507962,91211.5268626389,250970
2026-01-09 00:00:00,90983.51578142625,91257.15544035907,91302.78401807924,90938.02402353554,37363
2026-01-10 00:00:00,90504.89560340019,90983.51578142625,91029.00753931695,90459.64315559849,57862
2026-01-11 00:00:00,90442.01907847001,90504.89560340019,90550.14805120189,90396.79806893077,16287
2026-01-12 00:00:00,90819.36598904192,90442.01907847001,90864.77567203644,90396.79806893077,47734
2026-01-13 00:00:00,91134.96917951507,90819.36598904192,91180.53666410483,90773.9563060474,41560
2026-01-14 00:00:00,95260.4422971001,91134.96917951507,95308.07251824865,91089.40169492531,422547
2026-01-15 00:00:00,97007.78078881276,95260.4422971001,97056.28467920717,95212.81207595156,184733
2026-01-16 00:00:00,95584.82797878512,97007.78078881276,97056.28467920717,95537.03556479573,152295
2026-01-17 00:00:00,95516.07771987123,95584.82797878512,95632.62039277451,95468.3196810113,16875
2026-01-18 00:00:00,95099.53192554631,95516.07771987123,95563.83575873116,95051.98215958354,51654
2026-01-19 00:00:00,93752.70577188236,95099.53192554631,95147.08169150908,93705.82941899642,144682
2026-01-20 00:00:00,92558.46334372147,93752.70577188236,93799.5821247683,92512.18411204961,129424
2026-01-21 00:00:00,88312.84053255555,92558.46334372147,92604.74257539332,88268.68411228928,434562
2026-01-22 00:00:00,89354.34377512129,88312.84053255555,89399.02094700884,88268.68411228928,114150
2026-01-23 00:00:00,89443.39744146909,89354.34377512129,89488.11914018982,89309.66660323374,18905
2026-01-24 00:00:00,89412.39849953113,89443.39744146909,89488.11914018982,89367.69230028137,13099
2026-01-25 00:00:00,89170.87364531498,89412.39849953113,89457.1046987809,89126.28820849232,34152
2026-01-26 00:00:00,86548.32213469829,89170.87364531498,89215.45908213763,86505.04797363095,272255
2026-01-27 00:00:00,88307.8612070438,86548.32213469829,88352.01513764731,86505.04797363095,185953
2026-01-28 00:00:00,89204.22239644526,88307.8612070438,89248.82450764347,88263.70727644028,99636
2026-01-29 00:00:00,89162.09701574955,89204.22239644526,89248.82450764347,89117.51596724168,14212
2026-01-30 00:00:00,84570.40906135936,89162.09701574955,89206.67806425742,84528.12385682868,469168
2026-01-31 00:00:00,84141.77856967277,84570.40906135936,84612.69426589004,84099.70768038793,52863
2026-02-01 00:00:00,78725.85853884545,84141.77856967277,84183.8494589576,78686.49560957603,551592
2026-02-02 00:00:00,76937.06406636834,78725.85853884545,78765.22146811488,76898.59553433517,188879
2026-02-03 00:00:00,78767.65815345927,76937.06406636834,78807.041982536,76898.59553433517,193059
2026-02-04 00:00:00,75638.95670207398,78767.65815345927,78807.041982536,75601.13722372295,322870
2026-02-05 00:00:00,73172.29203248928,75638.95670207398,75676.776180425,73135.70588647304,256666
2026-02-06 00:00:00,62853.69038445987,73172.29203248928,73208.87817850552,62822.263539267646,1041860
2026-02-07 00:00:00,70523.95417035831,62853.69038445987,70559.21614744348,62822.263539267646,777026
2026-02-08 00:00:00,69296.80677355142,70523.95417035831,70559.21614744348,69262.15837016465,132714
2026-02-09 00:00:00,70542.37329463876,69296.80677355142,70577.64448128607,69262.15837016465,134556
2026-02-10 00:00:00,70096.40692272567,70542.37329463876,70577.64448128607,70061.35871926432,54596
2026-02-11 00:00:00,68779.90981269129,70096.40692272567,70131.45512618702,68745.51985778495,141649
2026-02-12 00:00:00,66937.58141157958,68779.90981269129,68814.29976759762,66904.1126208738,194232
2026-02-13 00:00:00,66184.57765470445,66937.58141157958,66971.05020228536,66151.4853658771,85300
2026-02-14 00:00:00,68838.87490510389,66184.57765470445,68873.29434255644,66151.4853658771,275429
2026-02-15 00:00:00,69765.59638824302,68838.87490510389,69800.47918643714,68804.45546765134,102672
2026-02-16 00:00:00,68716.58337486399,69765.59638824302,69800.47918643714,68682.22508317656,114901
2026-02-17 00:00:00,68907.78353606178,68716.58337486399,68942.23742782981,68682.22508317656,29120
2026-02-18 00:00:00,67489.45540267964,68907.78353606178,68942.23742782981,67455.7106749783,151832
2026-02-19 00:00:00,66456.3537620677,67489.45540267964,67523.20013038098,66423.12558518666,113310
2026-02-20 00:00:00,66918.68417467622,66456.3537620677,66952.14351676355,66423.12558518666,56233
2026-02-21 00:00:00,67970.29403133177,66918.68417467622,68004.27917834742,66885.2248325889,115160
2026-02-22 00:00:00,67977.90904199042,67970.29403133177,68011.89799651141,67936.30888431611,10761
2026-02-23 00:00:00,67585.11718938159,67977.90904199042,68011.89799651141,67551.3246307869,49279
2026-02-24 00:00:00,64577.553200674425,67585.11718938159,67618.90974797629,64545.26442407409,310756
2026-02-25 00:00:00,64074.11098528222,64577.553200674425,64609.84197727476,64042.073929789585,60344
2026-02-26 00:00:00,67947.39185585188,64074.11098528222,67981.3655517798,64042.073929789585,397328
2026-02-27 00:00:00,67469.06040327046,67947.39185585188,67981.3655517798,67435.32587306882,57833
2026-02-28 00:00:00,65883.99096235317,67469.06040327046,67502.79493347209,65851.048966872,168506
2026-03-01 00:00:00,67008.45435746174,65883.99096235317,67041.95858464047,65851.048966872,122446
2026-03-02 00:00:00,65713.4989891121,67008.45435746174,67041.95858464047,65680.64223961755,139495
2026-03-03 00:00:00,68864.03691918531,65713.4989891121,68898.4689376449,65680.64223961755,325053
2026-03-04 00:00:00,68321.6178484252,68864.03691918531,68898.4689376449,68287.457039501,64241
2026-03-05 00:00:00,72669.7701652216,68321.6178484252,72706.1050503042,68287.457039501,444815
2026-03-06 00:00:00,70874.98687140146,72669.7701652216,72706.1050503042,70839.54937796576,189478
2026-03-07 00:00:00,68148.28339966535,70874.98687140146,70910.42436483716,68114.20925796551,282670
2026-03-08 00:00:00,67271.1907777184,68148.28339966535,68182.35754136519,67237.55518232954,97709
2026-03-09 00:00:00,66036.15782362667,67271.1907777184,67304.82637310725,66003.13974471485,133503
2026-03-10 00:00:00,68459.31537095344,66036.15782362667,68493.54502863891,66003.13974471485,252315
2026-03-11 00:00:00,69883.00887579883,68459.31537095344,69917.95038023673,68425.08571326797,152369
2026-03-12 00:00:00,70226.818790692,69883.00887579883,70261.93220008735,69848.06737136093,44380
2026-03-13 00:00:00,70544.42535461926,70226.818790692,70579.69756729656,70191.70538129666,41760
2026-03-14 00:00:00,70965.28228600459,70544.42535461926,71000.76492714758,70509.15314194196,52085
2026-03-15 00:00:00,71217.1010283798,70965.28228600459,71252.70957889398,70929.79964486159,35181
2026-03-16 00:00:00,72681.9132538886,71217.1010283798,72718.25421051554,71181.49247786561,156481
2026-03-17 00:00:00,74858.14870100339,72681.9132538886,74895.57777535389,72645.57229726166,227623
2026-03-18 00:00:00,73926.27899152413,74858.14870100339,74895.57777535389,73889.31585202838,103186
2026-03-18 16:06:00,71386.75267775677,73926.27899152413,73963.24213101988,71351.05930141789,263952
